625986322	bot
626005201	bot
628813356	bot
631136471	bot
637314961	bot
701307986	bot
701329338	bot
714763273	bot
714806485	bot
737418163	bot
747916628	bot
762473928	bot
764375586	bot
766024933	bot
767763114	bot
821979836	bot
861691058	bot
910905116	bot
917615232	bot
1031482320	bot
1089795332	bot
1112501893	bot
1135293558	bot
1135150676	bot
1143675210	bot
1531133916	bot
1551216937	bot
1623338426	bot
1865011970	bot
1865142108	bot
1945264478	bot
2163541567	bot
2166582637	bot
2167248163	bot
2180467796	bot
2191191350	bot
2203337701	bot
2207395363	bot
2209122018	bot
2214071510	bot
2244325512	bot
2244229052	bot
2244186228	bot
2244754568	bot
2267900545	bot
2272261705	bot
2275249735	bot
2294603191	bot
2308520706	bot
2312443350	bot
2318983652	bot
2319048049	bot
2320872192	bot
2335569980	bot
2340420192	bot
2364674083	bot
2383681748	bot
2384134034	bot
2385176744	bot
2401555788	bot
2412859567	bot
2816156351	bot
