18614747	human
177718994	human
110839423	human
32453930	human
47064362	human
2420112139	human
1538306852	human
60118331	human
17241895	human
102382667	human
2708915372	human
16665197	human
68497896	human
138047260	human
19068720	human
267274202	human
200977317	human
583108053	human
150429478	human
159068666	human
541644405	human
21371755	human
157385656	human
42420346	human
15371482	human
109213578	human
47919105	human
370693222	human
75854417	human
2343706254	human
286703	human
177696019	human
247272488	human
39882047	human
393145048	human
105838056	human
150832830	human
24083587	human
367284950	human
35982046	human
497128052	human
56436152	human
366680770	human
2340323312	human
82655150	human
15941979	human
15197486	human
174533632	human
1649958450	human
232407090	human
118130288	human
3165817215	human
492284773	human
24822280	human
373805897	human
185016544	human
817845968	human
73571504	human
368303151	human
1925157330	human
40790000	human
111614382	human
142459534	human
195703895	human
369506120	human
135953666	human
457554412	human
389438626	human
21075591	human
293932241	human
83122982	human
39588492	human
230118325	human
263125568	human
1364383692	human
524784612	human
1451083940	human
33553702	human
78684416	human
33923443	human
41229669	human
823660038	human
62432717	human
265073138	human
112570388	human
2270753810	human
174266952	human
327019649	human
141221406	human
20837438	human
76131466	human
420722789	human
23737582	human
2420079396	human
20416406	human
208155240	human
637313893	human
312835883	human
138376066	human
1029142980	human
203846782	human
38019317	human
314120493	human
99494011	human
174940007	human
184642563	human
338310429	human
18933832	human
48492831	human
66492624	human
309396750	human
16303106	human
61110337	human
807375816	human
23535767	human
325878018	human
231992478	human
114557496	human
60212414	human
399004979	human
1329047808	human
108985086	human
405015059	human
21966756	human
63172203	human
29925273	human
10454572	human
766138944	human
236871835	human
16158636	human
172314205	human
131975194	human
245089766	human
307423967	human
55562632	human
15923445	human
168978431	human
16409285	human
132389474	human
239411196	human
365498780	human
2226496302	human
425144976	human
104532968	human
219703427	human
491258363	human
273446880	human
24700746	human
20204789	human
2362519915	human
1289482598	human
68399705	human
27022632	human
2831531811	human
369487432	human
262872637	human
38682272	human
26941643	human
100376563	human
18228898	human
57430635	human
361812003	human
32339364	human
543582873	human
19869102	human
219227916	human
33691866	human
32201307	human
51813472	human
26683141	human
111877105	human
20963273	human
363362774	human
43170475	human
20778387	human
30465594	human
65957347	human
46343990	human
29394186	human
394686596	human
75883996	human
61183568	human
403718444	human
262856460	human
1027392638	human
533085085	human
153849905	human
25350781	human
19074283	human
25281063	human
48459607	human
102269584	human
62318705	human
78435710	human
84217658	human
18627400	human
377407811	human
253708670	human
138330579	human
253416644	human
22080646	human
196415460	human
65240091	human
67961159	human
140264077	human
142684449	human
29034995	human
740216334	human
114795028	human
21257006	human
1900356463	human
606211203	human
29118268	human
40447766	human
2541999628	human
207867550	human
171840420	human
99566858	human
23360024	human
126324987	human
13106852	human
424326836	human
13524182	human
342514860	human
60464799	human
144902286	human
385203914	human
26312008	human
131014009	human
154453512	human
67773977	human
32117870	human
342958561	human
32709170	human
22676703	human
284291853	human
113613920	human
29547045	human
24502450	human
343132137	human
237615233	human
141946398	human
89699362	human
34239289	human
123580195	human
43273860	human
167390510	human
26516984	human
210320532	human
62469487	human
186558800	human
234092394	human
64371719	human
27678749	human
317370751	human
23746926	human
119472565	human
266496042	human
142448465	human
183675792	human
412681753	human
19103912	human
21148293	human
18032175	human
80396134	human
742290191029788672	human
47571031	human
105761616	human
264771201	human
18642314	human
336116660	human
23440052	human
139876086	human
295026890	human
54387487	human
154652598	human
774447246	human
93899982	human
133008925	human
323026612	human
281766200	human
30836874	human
9534522	human
159917376	human
213411429	human
269711250	human
57099808	human
1114200326	human
73438486	human
148720585	human
30080029	human
503156289	human
225731980	human
18002296	human
251496825	human
37620493	human
124942046	human
23388938	human
31462230	human
28261640	human
76256268	human
2295310321	human
55351351	human
53338746	human
68652178	human
138509493	human
110721158	human
119789021	human
302974524	human
1071187622	human
118757160	human
16941646	human
179384435	human
58794150	human
21774892	human
1109450557	human
122258041	human
22548403	human
217419152	human
34988284	human
183230911	human
1695135373	human
4519121	human
30184143	human
1336870566	human
20895169	human
23690344	human
13426312	human
51890039	human
30782495	human
150566311	human
1548317628	human
248829112	human
240478776	human
131536053	human
2295217322	human
68838777	human
108281230	human
28055231	human
2585586735	human
77237454	human
352432318	human
17216468	human
121140184	human
183310940	human
89447929	human
19405774	human
22745779	human
3087039231	human
230930518	human
234069690	human
189503518	human
155488129	human
127977420	human
126198709	human
41931380	human
25395727	human
425078541	human
79087518	human
36008570	human
27673684	human
42569255	human
32388288	human
22191023	human
239172505	human
279513123	human
304732163	human
51999405	human
125291124	human
15661871	human
53414786	human
109537107	human
847238528	human
880025521	human
53732896	human
59173588	human
28006093	human
225834298	human
993942810	human
121828529	human
34175810	human
92893405	human
24807616	human
219780418	human
1488259112	human
236549282	human
111871312	human
42336153	human
2188431318	human
16812787	human
268676434	human
76947892	human
85692592	human
262355899	human
21655507	human
45371222	human
176800167	human
608534375	human
18619979	human
1033230666	human
150003563	human
15166316	human
407977463	human
26072066	human
1342520820	human
255030147	human
14123683	human
75823831	human
263099844	human
891794228	human
43513715	human
295886043	human
72663616	human
4113487139	human
1230870488	human
740954192	human
106876550	human
379609349	human
342599843	human
169927844	human
52291308	human
41898533	human
87170183	human
28331519	human
437813660	human
30793542	human
479934667	human
173208826	human
280884837	human
17692330	human
16857864	human
75749375	human
20745130	human
131264923	human
156430095	human
28206360	human
410811457	human
140048972	human
14306573	human
52849416	human
264120930	human
58546044	human
84279963	human
63073975	human
32921044	human
158487331	human
137630414	human
742830794	human
239578452	human
325559976	human
761220960213168131	human
85536744	human
333982951	human
2932344784	human
251992389	human
205069185	human
236242525	human
19882775	human
18263818	human
426738834	human
348217747	human
44312605	human
221066268	human
1593366780	human
95568503	human
145795595	human
123980626	human
28049003	human
510877109	human
68614336	human
28209292	human
122555803	human
23187593	human
275197798	human
4076001266	human
36987043	human
1288050427	human
80373769	human
68168633	human
20418383	human
20887537	human
19660870	human
1059194370	human
74811078	human
138234621	human
156597014	human
30451922	human
77267308	human
50270513	human
319290362	human
35103663	human
388666228	human
2657809982	human
71294756	human
50532092	human
20232319	human
50083860	human
43394391	human
81081722	human
24606439	human
124326872	human
19671129	human
878918731	human
46875124	human
113598631	human
119635653	human
494592549	human
115682368	human
293482180	human
2183987364	human
119691332	human
133349047	human
3619961	human
57841792	human
26755061	human
1689167635	human
69320336	human
148516500	human
33586484	human
1163807010	human
132385468	human
112057739	human
153098292	human
21526685	human
221879483	human
127148945	human
489748500	human
739417207	human
17919972	human
168606635	human
166718532	human
45311718	human
28951400	human
17560096	human
55105249	human
378681081	human
79481514	human
14952077	human
139556944	human
50315533	human
51742969	human
24529777	human
101108297	human
258868912	human
109275593	human
39983902	human
116585717	human
270720082	human
453266395	human
570315266	human
18732991	human
508255201	human
67095962	human
112425690	human
438741755	human
64049044	human
567123136	human
388926121	human
95595606	human
185487499	human
49140008	human
352701848	human
58771848	human
18804413	human
402508189	human
211550281	human
544233223	human
755947410	human
703446882	human
1480251510	human
173744348	human
28454038	human
27711339	human
44473103	human
1260366252	human
2210225669	human
387499625	human
154843423	human
135421739	human
238055452	human
215069685	human
95970111	human
54260419	human
1139649950	human
957372240	human
297380894	human
220905215	human
44436088	human
285509764	human
50330438	human
196753961	human
30245411	human
2354267557	human
48852495	human
117786240	human
203873539	human
154650240	human
52868714	human
121707001	human
623456010	human
29365968	human
34747631	human
78723428	human
51146344	human
16808919	human
224223563	human
15472368	human
36414849	human
104249727	human
55520719	human
44134773	human
135681528	human
100294792	human
34047021	human
243905905	human
123580666	human
52181976	human
616173	human
278175819	human
28406270	human
92994636	human
31348594	human
14642389	human
95515846	human
37417482	human
590037005	human
32717570	human
111725360	human
296967093	human
28168276	human
15249841	human
14914938	human
239819612	human
276275391	human
68152097	human
90246174	human
255428260	human
43370284	human
2792651827	human
25389599	human
61876481	human
322803070	human
239543885	human
74293265	human
58267225	human
56777230	human
101823594	human
256507973	human
34698198	human
57024049	human
320603385	human
157859662	human
29952857	human
59427618	human
366569597	human
2943969341	human
26885308	human
120178497	human
31183437	human
146509611	human
78185520	human
447569934	human
17006157	human
127910704	human
219669370	human
140750163	human
25662652	human
137017726	human
2506947680	human
21474366	human
569649154	human
2815728328	human
46015755	human
97503057	human
97137039	human
468030842	human
129065444	human
15494380	human
75974281	human
372444350	human
18261095	human
56690996	human
131247584	human
240714255	human
249075355	human
239085423	human
50821343	human
221512549	human
392765652	human
1624759386	human
895907449	human
79965526	human
733985176724905984	human
550202880	human
25793156	human
22677790	human
137791342	human
154266117	human
169383436	human
55130619	human
84466455	human
24830645	human
378001664	human
384331504	human
2783208080	human
21848184	human
1137700339	human
28866082	human
247509836	human
170002596	human
109118967	human
358213027	human
139855438	human
25979882	human
947192262	human
18622869	human
44874400	human
95740548	human
106485105	human
287878372	human
49772158	human
122027651	human
157382331	human
197117628	human
358996059	human
19362341	human
133124672	human
52351721	human
41036546	human
519045260	human
25804151	human
291356337	human
14450939	human
754892875	human
45278605	human
277596528	human
286866672	human
47595335	human
58598187	human
307807956	human
49110693	human
473469791	human
121169579	human
65187067	human
70453825	human
596230846	human
14699672	human
77054564	human
97182601	human
3307539431	human
43320934	human
44949890	human
116618984	human
36711022	human
149198901	human
49573859	human
4285547543	human
17017636	human
416120500	human
4852413514	human
214924885	human
234632384	human
150362301	human
24209365	human
110827653	human
14647281	human
151198065	human
280701704	human
15279452	human
361062981	human
92833297	human
18887526	human
730821388764905472	human
108252113	human
1610646036	human
55631242	human
861663655	human
26759578	human
87737028	human
236942183	human
419312513	human
372556841	human
108957853	human
238028607	human
50294543	human
15640646	human
3092818390	human
815537202	human
52289632	human
18937701	human
48399528	human
200251856	human
1445077393	human
269768722	human
186064280	human
99527617	human
38871237	human
620034505	human
153433497	human
471311185	human
80711620	human
19023470	human
5768282	human
85603854	human
110025421	human
18101713	human
459232332	human
17074714	human
6480682	human
430744802	human
77810669	human
47285398	human
23083404	human
39164865	human
257036880	human
237341507	human
2319405002	human
24133713	human
910240166	human
231908931	human
2733166242	human
404999475	human
64155778	human
96629035	human
20196258	human
602317143	human
98932084	human
17039652	human
27710376	human
157590817	human
258620242	human
42843146	human
58951368	human
616291520	human
151959257	human
17581754	human
13396002	human
22733444	human
40607946	human
17266725	human
238662720	human
18131961	human
29860364	human
79893160	human
715124802	human
27592116	human
176460689	human
17727893	human
15945351	human
249185680	human
80042675	human
225190303	human
185739738	human
35147909	human
66561886	human
1433730727	human
947255846	human
31119337	human
116362700	human
5248441	human
230567975	human
66505112	human
381520159	human
398502177	human
105438860	human
99749614	human
483656289	human
264058981	human
70155097	human
163082695	human
131948686	human
355708717	human
327887468	human
82721258	human
3226973946	human
467047990	human
126573583	human
129925143	human
71308607	human
607281049	human
107474787	human
31355401	human
52977655	human
305694283	human
434698674	human
3192923899	human
425566836	human
385809041	human
272250951	human
233924133	human
142753911	human
230288829	human
47132215	human
56312411	human
701607056	human
973277052	human
202220952	human
169243528	human
66561957	human
111313208	human
14689295	human
54866152	human
48359478	human
501774653	human
1653237805	human
42443574	human
163582516	human
25970603	human
143672012	human
298516405	human
284528252	human
38802447	human
111936162	human
128351854	human
25937606	human
25845428	human
34177542	human
222365692	human
76858507	human
3138637447	human
98874780	human
22575307	human
1106697014	human
20772763	human
35376762	human
2439098062	human
794126426	human
341852821	human
30614676	human
135235142	human
388861264	human
102406191	human
119744178	human
25038085	human
60025762	human
262137017	human
69593795	human
32660559	human
166221011	human
70360570	human
28641033	human
17358768	human
133880286	human
69610339	human
124879050	human
966204836	human
56783491	human
80837321	human
199013425	human
80700514	human
64727628	human
58521139	human
19540949	human
142763894	human
157034224	human
40589808	human
291687730	human
118626543	human
32853980	human
99918503	human
120998613	human
5520952	human
90836187	human
4101221	human
97837399	human
201321130	human
18566247	human
17537467	human
130496393	human
34946355	human
23464695	human
356139621	human
162132294	human
44946572	human
250283992	human
2277973350	human
305085584	human
75481484	human
175541135	human
18055737	human
267390486	human
18374131	human
38536306	human
255388236	human
82776021	human
1064042478	human
40511475	human
308094016	human
80306410	human
160941691	human
282705059	human
114096191	human
13653812	human
100510962	human
475671755	human
84553460	human
22322638	human
159960802	human
81974865	human
18133405	human
86565815	human
249950365	human
313589997	human
967748192	human
23976874	human
223558355	human
39922782	human
115229499	human
2500955780	human
289008988	human
393028587	human
472546062	human
21054053	human
15316815	human
180990597	human
213745334	human
14380925	human
95465386	human
15749825	human
2796712523	human
586010829	human
17105248	human
362602301	human
90086871	human
23559108	human
39600564	human
42328778	human
18055279	human
3324117014	human
329746058	human
20846868	human
171468523	human
194064099	human
259925559	human
34430522	human
185527889	human
95439391	human
248585481	human
479371480	human
206915543	human
18785430	human
228009789	human
1359277818	human
55712033	human
30047168	human
265483421	human
41364508	human
161199279	human
23641580	human
76294950	human
41036429	human
24530836	human
93950314	human
22109593	human
465219474	human
2173631072	human
92189384	human
376420687	human
121285905	human
350224247	human
91357577	human
149590738	human
192685104	human
23839835	human
1492538024	human
68119468	human
27195114	human
190906140	human
464353133	human
6974622	human
625703560	human
466127190	human
101986616	human
200607665	human
30689667	human
18130749	human
34173127	human
575294056	human
133334402	human
176803724	human
54951973	human
38281921	human
89003506	human
1136574486	human
75050496	human
308716304	human
84282385	human
237845487	human
107318424	human
873755605	human
50374439	human
76011258	human
272175633	human
130954824	human
96941094	human
19107878	human
149733596	human
18210908	human
122933342	human
56169454	human
135039839	human
23003978	human
15965886	human
70722719	human
102160486	human
190230719	human
1089732602	human
86613184	human
116082971	human
155620016	human
1285980817	human
1673820865	human
19477583	human
16438898	human
555393138	human
204742161	human
114755833	human
43931199	human
1156338067	human
166772945	human
206336873	human
219243547	human
117194788	human
118473167	human
2418100549	human
187818163	human
35400566	human
54829997	human
37294647	human
18518096	human
72696358	human
102817149	human
1321147820	human
141664648	human
90570778	human
54643087	human
153619589	human
522704732	human
124491549	human
580766593	human
25189441	human
364805693	human
17225211	human
5709522	human
14502233	human
1487056766	human
29787046	human
86484287	human
31213362	human
78342014	human
124840877	human
24447643	human
583012000	human
268439864	human
89124149	human
106196838	human
512446262	human
82677934	human
88065828	human
141666777	human
480190313	human
74853246	human
36690579	human
157882693	human
73515101	human
64929124	human
431947402	human
111236027	human
61253025	human
144266813	human
90258070	human
584607463	human
32729193	human
192932388	human
770949865169883136	human
286042531	human
2937747275	human
23778898	human
96669212	human
310434477	human
452446950	human
33801019	human
3406962793	human
176758431	human
83876527	human
28211935	human
16801904	human
49274975	human
271106411	human
97483082	human
422201803	human
111860799	human
884556398	human
195508960	human
191088059	human
58742042	human
1353020900	human
324973703	human
280542227	human
97082147	human
394734119	human
2291870329	human
363972381	human
240446034	human
24795163	human
27698202	human
40752044	human
36240413	human
30013901	human
384233189	human
26901564	human
38836322	human
151990201	human
33241838	human
75509967	human
458755731	human
2157417348	human
81939666	human
164553682	human
14327149	human
56954846	human
280458883	human
46206733	human
477977408	human
163628467	human
24322371	human
28054681	human
18222599	human
361351581	human
96082963	human
16867526	human
149746153	human
97383592	human
1236969025	human
52818366	human
1660468830	human
14589257	human
21753718	human
71201743	human
113712551	human
385539815	human
411476941	human
102125314	human
409713189	human
276169885	human
1478441894	human
135019364	human
9532402	human
85732915	human
55481286	human
389845002	human
83731025	human
159389938	human
1706043704	human
23935121	human
14824849	human
76070341	human
51520765	human
1626545264	human
166270127	human
1561700880	human
35531175	human
54020555	human
1599608046	human
208235152	human
769727912	human
33975694	human
15962096	human
179530581	human
147023972	human
20155652	human
96978059	human
64753254	human
59682648	human
24160821	human
327191300	human
136140018	human
52284349	human
373677269	human
22922759	human
19494203	human
379710889	human
390124813	human
3169077625	human
133086921	human
141116825	human
27501572	human
1960613304	human
60391683	human
1432977446	human
33654443	human
8273632	human
234979853	human
116611790	human
71627462	human
2922806710	human
34923325	human
423718399	human
23148645	human
1545689918	human
90896009	human
744454819285442560	human
1212831745	human
116677732	human
171309097	human
2233154425	human
6211972	human
30893152	human
18121619	human
249524030	human
37322526	human
179036286	human
267305045	human
23156823	human
2235417414	human
131536498	human
64152335	human
184725734	human
62554155	human
55729783	human
784680583	human
36880083	human
23730363	human
23151437	human
25954814	human
1147490460	human
59031599	human
48440176	human
181698945	human
152015129	human
378176017	human
133374040	human
1944645192	human
355874903	human
15358329	human
356893311	human
53556894	human
45090120	human
98423770	human
33990291	human
435253332	human
160806722	human
62724059	human
204957452	human
87327779	human
282064204	human
41626669	human
201128401	human
283068083	human
33315233	human
166128698	human
35443315	human
134629415	human
284570882	human
27649623	human
4628602041	human
25906700	human
28595930	human
96829836	human
512135356	human
498961017	human
3372106840	human
91798218	human
526354298	human
84620024	human
16089776	human
517625911	human
114875860	human
16076032	human
278210172	human
47399805	human
17336417	human
238848438	human
27131277	human
97474887	human
132992534	human
51405063	human
512700138	human
32789366	human
59632108	human
942872581	human
157597834	human
120115704	human
28919963	human
251312191	human
35787166	human
19533569	human
47608692	human
21665313	human
766974808508686336	human
102847683	human
245992215	human
1616421800	human
19697415	human
161040952	human
2966078363	human
1057678213	human
115853882	human
366430950	human
2353374818	human
66544351	human
381289719	human
115626888	human
6896972	human
124258971	human
21388977	human
238349049	human
152968869	human
68122088	human
926230922	human
25537064	human
178812809	human
12266442	human
33612908	human
25521487	human
27970832	human
50751556	human
150178004	human
344634424	human
607599583	human
2853136279	human
90558638	human
136232151	human
632110916	human
215052012	human
405793882	human
67989071	human
29842036	human
159113258	human
154070583	human
178867236	human
386420143	human
338304891	human
205270748	human
19404587	human
188006067	human
143307182	human
106854950	human
22657153	human
296235573	human
45447020	human
22955283	human
63525135	human
60703824	human
40744725	human
1160766902	human
14790899	human
315919021	human
76298119	human
1491330559	human
153691784	human
30117765	human
174006209	human
78285472	human
328630711	human
67235369	human
137978269	human
398746272	human
262359713	human
102921109	human
64477046	human
46392416	human
19762524	human
111199728	human
150134916	human
77512825	human
27380209	human
111673307	human
110505828	human
186202772	human
1301324257	human
29178412	human
17936793	human
575492930	human
58959991	human
27901418	human
62740747	human
27706753	human
142330580	human
2292265376	human
1398730200	human
465973	human
142418821	human
321106518	human
233183631	human
1376071800	human
116205355	human
310463188	human
170829095	human
44782642	human
214791922	human
23922282	human
3459977360	human
139173438	human
266801190	human
34351681	human
113100013	human
335363786	human
262895437	human
533408363	human
130922325	human
128314976	human
76905107	human
36832842	human
22070897	human
219386391	human
225988091	human
256038088	human
197658113	human
285879975	human
846369751	human
74669397	human
182043794	human
254115362	human
169446005	human
261636064	human
380730306	human
33701184	human
18753325	human
1626011672	human
16461545	human
108095136	human
405728790	human
18678924	human
53184837	human
726335359	human
66104231	human
55212559	human
44361990	human
16409683	human
24289021	human
33130960	human
2149467889	human
478044159	human
172782604	human
85489267	human
57725938	human
234513598	human
314865755	human
114407932	human
36930327	human
245708540	human
1852644804	human
133243767	human
280452543	human
171117515	human
58755729	human
185827887	human
20711964	human
17881816	human
94163409	human
182489530	human
67920551	human
15475578	human
14790817	human
1421688428	human
118177294	human
2246341620	human
249535002	human
289342771	human
301738604	human
110528264	human
838302036	human
50752334	human
792587732	human
40090727	human
56591800	human
179245596	human
3764301	human
122342030	human
43436426	human
24472704	human
349157263	human
28706024	human
2481283506	human
25575954	human
15460081	human
114484253	human
19045458	human
200913899	human
398385171	human
191618215	human
26090319	human
24636191	human
1506746809	human
36912323	human
60985950	human
55117855	human
23492901	human
368186169	human
24906723	human
2921763658	human
71174380	human
15220768	human
37068486	human
57928790	human
20514852	human
23514666	human
597301440	human
177565965	human
225539878	human
461481428	human
2288200830	human
320040089	human
1567869552	human
14425825	human
241695415	human
635869338	human
42473217	human
957768181	human
34959923	human
273538402	human
92821850	human
29555251	human
52725585	human
49717874	human
532929138	human
109408123	human
81619592	human
190074321	human
87145862	human
1576677768	human
89478035	human
357032926	human
50323275	human
117349182	human
723884990	human
16681111	human
335953039	human
58879208	human
56854084	human
275525885	human
35817970	human
41265813	human
47888356	human
30631061	human
635220617	human
33141270	human
37344334	human
19018401	human
150678850	human
395990396	human
1540470486	human
167580633	human
18576552	human
26250653	human
77694285	human
23065354	human
14907774	human
189976149	human
220228167	human
184977410	human
32745368	human
78644388	human
165511377	human
12687952	human
131552403	human
155927976	human
57440214	human
88262000	human
71975446	human
362895071	human
42668179	human
87239242	human
139687841	human
2832987127	human
49588164	human
67635391	human
106539033	human
296056610	human
31547933	human
82143937	human
160308387	human
113352671	human
79367880	human
114700374	human
59515114	human
177727704	human
214059180	human
260072592	human
181280529	human
95610041	human
378460963	human
34746971	human
87233065	human
16244449	human
66098299	human
25723212	human
8443752	human
217160945	human
102395023	human
50393098	human
190618660	human
72178641	human
78377317	human
66618379	human
353715697	human
29330577	human
136660719	human
105710210	human
944742007	human
145548166	human
350466315	human
177250028	human
233070139	human
74666509	human
15338492	human
120557765	human
351541320	human
287834630	human
735897896	human
119523259	human
88890284	human
14754376	human
29802480	human
917505878	human
109387470	human
14640553	human
133012845	human
103594902	human
40677226	human
214697607	human
619278612	human
344316266	human
101879887	human
81888818	human
82843602	human
29898542	human
126676337	human
19028953	human
37251672	human
594666501	human
394581283	human
411469404	human
47717027	human
188417619	human
28428838	human
266367426	human
250653825	human
29479000	human
444813339	human
139118162	human
86980320	human
234034661	human
42381705	human
70006177	human
23702397	human
24395664	human
454118258	human
2489647370	human
27772095	human
30901512	human
166843232	human
127664378	human
82726142	human
2987970473	human
142092456	human
37875647	human
73821095	human
243827971	human
43302753	human
1331762184	human
9543462	human
75293774	human
3938139679	human
48269483	human
27576099	human
120575218	human
103012173	human
490442018	human
73392771	human
1697195868	human
39565480	human
274093178	human
754823287	human
77225484	human
259399790	human
746099323151187974	human
29856819	human
1401550368	human
60257871	human
35546719	human
24133242	human
69229721	human
109713729	human
138590816	human
465811969	human
51509917	human
123381234	human
151944989	human
3186964814	human
136885994	human
124389931	human
63662120	human
113317910	human
63992320	human
312620934	human
336124836	human
252753618	human
366713453	human
105715305	human
23167514	human
80521629	human
17536486	human
626372660	human
19248106	human
402220952	human
23719107	human
24859104	human
22972842	human
15736267	human
120147614	human
26277246	human
114315370	human
72475439	human
66155476	human
18470958	human
50725573	human
153368409	human
2178230389	human
62289791	human
34767242	human
209994211	human
247593686	human
16190278	human
313359626	human
498840131	human
78525538	human
168807221	human
28994993	human
21246151	human
147589125	human
16157577	human
21035409	human
376506636	human
527883269	human
35067421	human
21135496	human
77659956	human
346710954	human
201866002	human
20978103	human
94775494	human
177826715	human
27526457	human
170759111	human
176566242	human
17590516	human
71448442	human
56323558	human
3507260114	human
69181624	human
10202	human
24296476	human
14246001	human
84729044	human
70664813	human
92726549	human
28534252	human
79332579	human
46996168	human
260205453	human
6141832	human
7111232	human
55807518	human
165725207	human
2346809580	human
31397397	human
275575393	human
140538938	human
3063032281	human
94086151	human
78384881	human
581735148	human
105251590	human
7684742	human
1662472286	human
40906691	human
19576893	human
14120922	human
27927868	human
317034396	human
25638291	human
208995026	human
105435026	human
19314650	human
2810785386	human
14790966	human
96980618	human
15872575	human
21674080	human
213244929	human
451649471	human
25677409	human
42207855	human
369037907	human
60694754	human
44849274	human
142836170	human
52283878	human
22240225	human
84092181	human
509582589	human
848346055	human
70326415	human
170513866	human
64647617	human
41425651	human
46096164	human
24852465	human
49709710	human
259379883	human
20029472	human
23950172	human
394129778	human
179173812	human
328049243	human
51200175	human
3247497561	human
214144480	human
378611487	human
253315622	human
429247237	human
23161445	human
374431134	human
1222616833	human
416814339	human
116994659	human
127151020	human
11640472	human
155151279	human
98242963	human
560641368	human
525208028	human
38592915	human
38324643	human
295429897	human
74816067	human
90018855	human
65659343	human
25805906	human
401478793	human
212560938	human
586611288	human
997629601	human
22563769	human
481103368	human
15217047	human
49251491	human
1337785291	human
155184017	human
103772491	human
42422552	human
234443392	human
2657435144	human
269984268	human
305928496	human
75449249	human
122959195	human
48332360	human
246725858	human
727050288310296576	human
73951202	human
99564663	human
174298035	human
251069109	human
147859496	human
160298112	human
81683900	human
97007823	human
144450196	human
475652789	human
26148323	human
29307032	human
321388777	human
173329512	human
61052617	human
79293791	human
24485503	human
74145863	human
1561168178	human
16186949	human
33905807	human
73935457	human
24715169	human
26196055	human
19031819	human
256659585	human
2462371895	human
197598287	human
324693838	human
50294938	human
130991061	human
386654472	human
432360020	human
462921513	human
58919137	human
242661016	human
18215973	human
154681028	human
263008177	human
462489802	human
38974889	human
233349705	human
67629122	human
42663408	human
39957724	human
43340817	human
164194743	human
331670984	human
79986578	human
145107843	human
426044697	human
60142716	human
84915845	human
79289858	human
1613292079	human
10668832	human
106253879	human
66819977	human
376666863	human
92544265	human
9255842	human
33892790	human
145612287	human
28295738	human
102547399	human
5526282	human
2697192608	human
183052795	human
30699754	human
68698188	human
493127463	human
240370957	human
3108047398	human
1675405508	human
359621966	human
62557485	human
1132781004	human
45785789	human
46783969	human
137577752	human
24005707	human
200282519	human
215207998	human
266644093	human
147775865	human
59283767	human
41889498	human
153295172	human
42038084	human
60113620	human
287217365	human
129786468	human
35024272	human
349355508	human
69256711	human
368157378	human
360945774	human
15918317	human
374590220	human
51431207	human
43081642	human
219766374	human
351740382	human
24240326	human
114423418	human
87035888	human
281618851	human
232872974	human
144935115	human
88749392	human
283484457	human
73880716	human
99765705	human
24002803	human
50005296	human
116464706	human
186961616	human
17400374	human
21446427	human
88103066	human
27531031	human
1586501	human
116485600	human
390809945	human
48177728	human
65289126	human
170178365	human
391432644	human
86252928	human
410303609	human
77991323	human
278907814	human
51315123	human
50205339	human
23061619	human
493278212	human
30261892	human
514283233	human
258958647	human
326255267	human
63302020	human
358814014	human
220388847	human
135180139	human
44635677	human
92945681	human
46847815	human
284389519	human
85363141	human
1856486670	human
14321959	human
40500701	human
104976980	human
399603314	human
39871001	human
189917061	human
111275676	human
612792060	human
2550652224	human
17844280	human
205415788	human
45022448	human
356507775	human
245824095	human
343791862	human
414369327	human
221122127	human
55538502	human
1050479545	human
195646956	human
291557277	human
61452308	human
1868393113	human
50515656	human
221412285	human
380580239	human
425365329	human
23117444	human
139162440	human
524138951	human
65773523	human
50811932	human
1106501	human
272096306	human
265826890	human
507762718	human
143490578	human
27457788	human
246825422	human
19554706	human
36928426	human
60750497	human
121199319	human
162869667	human
34868950	human
154221292	human
100616272	human
118359373	human
267024642	human
41562632	human
402604595	human
620398542	human
157088760	human
265653022	human
575661707	human
50257367	human
288000034	human
119617607	human
17049258	human
435299501	human
28838048	human
3251305220	human
176315005	human
361315016	human
30345764	human
60337801	human
88064439	human
152251488	human
347388688	human
45409867	human
165920232	human
198318121	human
325655146	human
184973419	human
149455192	human
20659839	human
34296189	human
57762240	human
27576832	human
377723724	human
28644174	human
239394793	human
121677709	human
2276661505	human
22865546	human
189850197	human
95482484	human
560646552	human
46365884	human
168103226	human
939262832	human
45913882	human
1042946232	human
93131556	human
2411221668	human
41077287	human
121626258	human
3352124290	human
30503160	human
22159122	human
186923446	human
19280181	human
18253340	human
345585550	human
14516324	human
105210222	human
36623013	human
190955393	human
292920781	human
96693702	human
551707148	human
79556841	human
28653018	human
59378025	human
1183273422	human
65563900	human
86876958	human
41298605	human
346409057	human
316053407	human
163559269	human
2469605695	human
151123001	human
18907022	human
162644645	human
21101351	human
68792381	human
62352806	human
101333534	human
223764929	human
48841325	human
14502789	human
100524721	human
21048995	human
40689749	human
571112935	human
431429137	human
96760161	human
2155649270	human
125546634	human
171985977	human
247239087	human
138791936	human
35017255	human
158314798	human
526256506	human
37599351	human
40255499	human
142519598	human
15959560	human
14196465	human
68923909	human
17467600	human
44345790	human
144742593	human
3275693244	human
945492493	human
375837200	human
23741531	human
17681513	human
90084099	human
72531984	human
19734025	human
182096378	human
351921957	human
52430724	human
68258567	human
299669265	human
52230224	human
280845193	human
19119020	human
284324308	human
35039490	human
716473897	human
175177831	human
20544726	human
55573873	human
20068679	human
105119490	human
23457682	human
59454488	human
18091904	human
624462023	human
94339403	human
16222469	human
17904785	human
185344587	human
257169121	human
33868638	human
23228600	human
453120195	human
14092803	human
90881968	human
742701805	human
46282259	human
101554705	human
96441149	human
247378651	human
254830969	human
62902439	human
85725829	human
317708215	human
288333760	human
115701937	human
106987811	human
90109872	human
105080832	human
33196091	human
94166168	human
80438218	human
114174919	human
23494080	human
126528164	human
1498656096	human
368634756	human
18208354	human
111698159	human
18395177	human
291028871	human
22655610	human
56684856	human
18713254	human
108538006	human
43847197	human
46576295	human
334950418	human
249243667	human
41651800	human
79650494	human
69491538	human
31829199	human
29307276	human
56876644	human
117158643	human
38797799	human
218616696	human
189376144	human
17861062	human
102134994	human
2302666267	human
496493810	human
225418717	human
22518183	human
42519612	human
372753094	human
72371342	human
428368142	human
50374512	human
272780952	human
116757352	human
112970794	human
2330223926	human
46660999	human
58590381	human
47652342	human
410333568	human
2413670707	human
180396151	human
38403110	human
128990079	human
350118701	human
41109736	human
15263572	human
21507883	human
285282053	human
284667495	human
1964571728	human
21256157	human
29425243	human
206049405	human
2491702663	human
1552233288	human
73208083	human
29979814	human
80480330	human
48661131	human
154280902	human
41329637	human
19699682	human
64030748	human
1176135546	human
2229976656	human
202475762	human
1283137208	human
144895723	human
156132825	human
84353161	human
170900539	human
156791186	human
444838837	human
156380350	human
420164165	human
30666787	human
17790667	human
122846436	human
18322980	human
24989174	human
288932529	human
128709479	human
90052937	human
217391337	human
68997312	human
239241254	human
328473577	human
154474160	human
2260572416	human
22668242	human
744842653	human
188039706	human
23578046	human
20567939	human
148413248	human
213883469	human
100610543	human
389946569	human
18420140	human
65369125	human
33566025	human
163645988	human
2255036665	human
176210542	human
201808535	human
61734492	human
29091792	human
25060424	human
41259253	human
380097285	human
74227838	human
332840651	human
116986037	human
214841339	human
548928682	human
28665877	human
26299390	human
53110793	human
331771084	human
73245966	human
126571977	human
52422182	human
130782035	human
92424604	human
62926027	human
2871367661	human
113536371	human
63737646	human
356406477	human
1143031	human
40849552	human
237189703	human
20109973	human
63701775	human
557379987	human
21247989	human
60395840	human
75206471	human
16116288	human
116410075	human
19966557	human
467048692	human
43883714	human
128688147	human
240458716	human
16557087	human
38002432	human
244800486	human
186598799	human
255988123	human
50227161	human
19575977	human
56518880	human
141186163	human
69923007	human
2249074058	human
18734884	human
38671739	human
156721917	human
141052723	human
67888012	human
167733138	human
47763245	human
1025676589	human
14314492	human
241549146	human
139092348	human
42947922	human
122928781	human
329190322	human
177903766	human
15737712	human
82058420	human
86962432	human
84352985	human
182536597	human
25044415	human
67600610	human
55043362	human
44409004	human
100220864	human
147293432	human
142038391	human
37181562	human
257013116	human
3353566654	human
106118382	human
4210945993	human
15227791	human
263926669	human
20539986	human
531592235	human
21838634	human
456697074	human
18675826	human
24086418	human
316756361	human
45452226	human
50323173	human
58152290	human
102850084	human
54491223	human
379216299	human
125430181	human
243175199	human
45266183	human
387757472	human
97690357	human
19589086	human
15930883	human
142682816	human
354807789	human
556260847	human
60876744	human
175729029	human
3309393499	human
154510767	human
66789097	human
366630843	human
230537167	human
15253147	human
588693341	human
134855279	human
391186183	human
250478134	human
86972419	human
228527029	human
246887018	human
528732291	human
89503894	human
83297130	human
7772072	human
58233603	human
64038747	human
143967360	human
476103346	human
268353241	human
569358733	human
455509612	human
76647081	human
350496574	human
360085886	human
52672768	human
1263292416	human
254274083	human
113263147	human
210643923	human
366128428	human
215265837	human
27810485	human
90416263	human
258092886	human
296772858	human
106170524	human
139205255	human
167285488	human
254098644	human
310687757	human
760546868	human
528117020	human
84625371	human
117345704	human
328918379	human
54938604	human
7214972	human
2654882033	human
29599869	human
260299316	human
289276770	human
344779704	human
93293128	human
34949757	human
80144576	human
58603510	human
2729061	human
300169410	human
23620920	human
116763916	human
273376311	human
63172126	human
303806325	human
259435698	human
128841198	human
58461854	human
68674747	human
110384744	human
36415725	human
244591207	human
14529929	human
601574703	human
168767461	human
333607315	human
35472557	human
197067959	human
309013231	human
50627014	human
292535614	human
22002881	human
27685955	human
177635572	human
149504335	human
69121602	human
83871706	human
94170264	human
238763290	human
100300852	human
560362416	human
25932445	human
24286351	human
85796078	human
268470229	human
84682569	human
69564237	human
137862496	human
13320562	human
92367751	human
63887454	human
958551175	human
87769890	human
135414892	human
700568101	human
235002421	human
181601316	human
241382835	human
1055490565	human
30669777	human
41273036	human
432695836	human
198172775	human
96915603	human
112877959	human
38183151	human
981072504	human
28897926	human
28153561	human
121143179	human
382271636	human
46335511	human
74791999	human
46769281	human
40891771	human
24702915	human
111372842	human
185902260	human
126370504	human
90558751	human
1416963510	human
182972598	human
182230678	human
197492645	human
28373832	human
315463138	human
322744081	human
138101269	human
154028791	human
130447415	human
286495100	human
30704824	human
82455213	human
45085657	human
298097587	human
53882428	human
55456090	human
138166008	human
344801362	human
267138741	human
4119741	human
4607065693	human
34935938	human
132887257	human
248900032	human
132533490	human
3015908494	human
274119641	human
21305757	human
112700733	human
147975612	human
203448605	human
27778893	human
280582344	human
17711046	human
86254626	human
65182307	human
423699128	human
161838929	human
75834387	human
34394666	human
62513246	human
2359476565	human
2491733881	human
58173133	human
159111501	human
366592246	human
206500951	human
258283931	human
34312352	human
20987538	human
306229934	human
271274768	human
42511158	human
59794267	human
190493057	human
165569246	human
21542677	human
176295495	human
145087051	human
279189207	human
222516693	human
69168087	human
25238117	human
515722353	human
159225370	human
288141449	human
2555393190	human
149096668	human
19811190	human
181572333	human
71876190	human
95914250	human
194522360	human
35142205	human
15637594	human
25275453	human
2298341256	human
818647	human
174734513	human
94487323	human
581579728	human
205629338	human
116077660	human
123594543	human
42705545	human
222443180	human
37338814	human
53012043	human
313682511	human
93835594	human
24347639	human
92083727	human
45709328	human
574551152	human
18713314	human
118402768	human
23176276	human
73635568	human
573619882	human
23633576	human
6636082	human
204536240	human
66348145	human
180733809	human
252574483	human
162799522	human
231222291	human
70075854	human
171813775	human
35492347	human
138077726	human
190037399	human
117778179	human
254705009	human
105189289	human
321950484	human
974081257	human
51376979	human
482131984	human
79708561	human
15485441	human
136311777	human
19355813	human
237724241	human
139612761	human
62591681	human
485586578	human
28129125	human
567440698	human
230973022	human
17004618	human
65468720	human
186712788	human
28165335	human
42629261	human
349883233	human
618420295	human
274583859	human
27406401	human
115362541	human
6249572	human
110195330	human
63677189	human
104615546	human
14550649	human
146784071	human
21915657	human
86085228	human
1113603312	human
241747585	human
312644478	human
35936474	human
89151531	human
221977447	human
557179438	human
130907877	human
56482694	human
234036961	human
19122675	human
198172757	human
410764075	human
726731430	human
122820994	human
49235205	human
20577920	human
170719913	human
740539404	human
2403063588	human
329852585	human
508932270	human
895832586	human
18980276	human
301073969	human
480782173	human
24668720	human
13236602	human
7861312	human
1229534000	human
220336959	human
22653403	human
69683823	human
26553420	human
57868178	human
500042487	human
30317085	human
502135911	human
84199959	human
23636912	human
60787299	human
431765325	human
41137081	human
214540048	human
155561448	human
462131011	human
119979022	human
367768541	human
274810287	human
265554862	human
142904992	human
385191537	human
322952454	human
22454207	human
458594879	human
114957131	human
25203361	human
457347159	human
181939619	human
76275074	human
28669612	human
385250674	human
70176620	human
44570946	human
135901326	human
1240277671	human
495486267	human
351470906	human
57261575	human
19356964	human
345965379	human
128132217	human
23977873	human
301490782	human
372461745	human
356442237	human
1032623162	human
191674162	human
166767883	human
176745226	human
217920201	human
307426028	human
442008072	human
32473040	human
201061994	human
225818852	human
306400881	human
499048675	human
304946304	human
54236340	human
34343928	human
2471631350	human
47720230	human
122810896	human
424177487	human
376113319	human
105874636	human
154294030	human
26553086	human
21549088	human
393739742	human
22450947	human
102616062	human
146200269	human
89081091	human
19139694	human
1024400059	human
200610840	human
46788715	human
37896651	human
43298203	human
24621955	human
41120945	human
260491864	human
138510935	human
107120856	human
399681579	human
56773228	human
59247894	human
374291691	human
16862225	human
117093671	human
1569312734	human
25158003	human
53643297	human
26244629	human
320533032	human
7788922	human
493249666	human
23489663	human
380915697	human
155128025	human
197807757	human
34630995	human
46247180	human
145924343	human
425044984	human
313913938	human
8005352	human
1028241806	human
402944504	human
378749894	human
1024806054	human
278542486	human
34252697	human
35031708	human
501875011	human
228826153	human
415535978	human
16721910	human
277074970	human
1278393014	human
19120850	human
2329247971	human
174027585	human
369583954	human
231175831	human
75149543	human
550122068	human
2586872695	human
22946239	human
20244875	human
391135828	human
610163421	human
164386441	human
254341885	human
41304837	human
2880027272	human
19968983	human
136745811	human
18222378	human
14791251	human
118024094	human
182283409	human
44595330	human
47506568	human
1290082680	human
103106691	human
170292467	human
164326175	human
57690247	human
142722336	human
130122646	human
53555106	human
96398870	human
193703862	human
450776782	human
87808186	human
36643948	human
92860137	human
2826276334	human
526384201	human
56697595	human
391734312	human
250022709	human
37291805	human
43310939	human
376555279	human
145225789	human
47799910	human
83048599	human
33857467	human
544517731	human
511868279	human
35172509	human
201352564	human
17478928	human
628444587	human
417627384	human
102918061	human
6451032	human
41237381	human
44856243	human
145150239	human
330832162	human
864251336	human
176429522	human
250002597	human
76997832	human
305567120	human
16691049	human
20491941	human
361309455	human
2855255702	human
85131054	human
47287431	human
420076980	human
111776528	human
21844926	human
278235826	human
776049583	human
452540336	human
32062132	human
21514897	human
132830366	human
113447726	human
135527082	human
118957997	human
36307418	human
15463671	human
22654980	human
158836414	human
420252090	human
36294515	human
1572425550	human
465416612	human
16667262	human
50313986	human
12640502	human
24202701	human
43091992	human
31612164	human
4035503243	human
21278412	human
423781033	human
322773491	human
834911994	human
130835809	human
49120160	human
292555960	human
231591654	human
34054510	human
66458391	human
57951455	human
252770784	human
107017154	human
16910566	human
43299104	human
36704352	human
155891389	human
33390855	human
70443471	human
17910893	human
54682125	human
466547516	human
32721501	human
318824149	human
56039856	human
232113528	human
94713472	human
35689802	human
33581258	human
255822420	human
46158001	human
228184292	human
41094453	human
368059521	human
74622617	human
37414097	human
92916566	human
235859663	human
803353746	human
342363193	human
45112524	human
24742957	human
1283561876	human
104288093	human
303595809	human
512613427	human
57805751	human
14800352	human
51597791	human
1490721140	human
23699191	human
1443770430	human
256881576	human
282309879	human
15265990	human
20565284	human
156954768	human
62764427	human
84152857	human
148283549	human
519821847	human
255384702	human
23627469	human
22592948	human
15801023	human
596261273	human
146367309	human
24291858	human
564303265	human
458508747	human
115705413	human
2657755585	human
30093149	human
218993879	human
23563916	human
20419946	human
310679156	human
250831586	human
20638192	human
530042421	human
185833748	human
1063034450	human
18220175	human
28066436	human
244293513	human
113512735	human
99050904	human
39338168	human
112508240	human
491745677	human
473096690	human
173988421	human
28683184	human
49698134	human
1568396827	human
361249255	human
740336334	human
152966047	human
64251502	human
106775334	human
145346276	human
76591925	human
581123710	human
337409391	human
2915766225	human
38234856	human
69914008	human
147020852	human
63237253	human
46196327	human
18993601	human
172118221	human
1198406491	human
253499949	human
434762942	human
191828188	human
50272348	human
91845185	human
19895282	human
242987073	human
256573865	human
1196254680	human
28870086	human
62581962	human
20641995	human
190220423	human
131978635	human
439878961	human
89434927	human
128958788	human
123774113	human
30948732	human
88060295	human
212265984	human
63373175	human
183300976	human
67134249	human
17028456	human
603964114	human
61507091	human
38799543	human
36304709	human
194450618	human
2396677714	human
332638587	human
1926972373	human
166920631	human
41269095	human
370765440	human
40745276	human
30367771	human
298320111	human
463293053	human
121551369	human
24382752	human
145924381	human
93612999	human
53062854	human
2348138105	human
24407244	human
16017475	human
65863622	human
280999442	human
157226229	human
103024765	human
112797188	human
130665252	human
779100876	human
325086171	human
321866313	human
37002399	human
244509240	human
43949085	human
51597098	human
243474622	human
148008516	human
282844077	human
27022392	human
122394817	human
215952307	human
68577013	human
1008816679	human
193245346	human
141711645	human
25537232	human
586881665	human
56631494	human
217476000	human
2182641	human
59142708	human
20322929	human
328726293	human
78584101	human
65992743	human
518993215	human
245065992	human
743617844	human
161419220	human
328054430	human
50859813	human
59977859	human
15692086	human
272570677	human
146234589	human
102729125	human
347909288	human
16814640	human
89303321	human
17951326	human
69825140	human
283912250	human
19644592	human
365462238	human
183333440	human
34507480	human
19111767	human
1614696542	human
86422542	human
38908587	human
51832360	human
459968785	human
253490293	human
202627773	human
16600574	human
39228791	human
745002644	human
280411634	human
424403879	human
17788194	human
81794383	human
2156599572	human
51813111	human
161053682	human
55334133	human
117879739	human
189335930	human
26618657	human
107309612	human
178218286	human
21786618	human
524121160	human
29995610	human
100322679	human
63695781	human
240606817	human
77040152	human
81482674	human
243418797	human
85806967	human
105640257	human
28506199	human
14335880	human
19443952	human
60737306	human
26763070	human
17677608	human
56035365	human
20043786	human
128178732	human
5746452	human
443215941	human
351125925	human
49657979	human
41055396	human
356220665	human
394123488	human
17929027	human
1137984020	human
3270559442	human
274355165	human
110301074	human
360074959	human
101798589	human
68855626	human
183621127	human
443804170	human
188506254	human
228822613	human
128161152	human
41103933	human
109301353	human
30282704	human
14515799	human
46011743	human
361150095	human
1163521350	human
74055097	human
27776098	human
93618186	human
245900668	human
992789466	human
77973550	human
175292499	human
20632528	human
67633000	human
39927901	human
49831471	human
120759739	human
64407857	human
96846955	human
394303078	human
69068481	human
35280742	human
32613163	human
223098742	human
278098811	human
742866924	human
37836873	human
251716551	human
134647381	human
184985707	human
398343385	human
22208942	human
28382729	human
84542880	human
338906109	human
41866995	human
183976519	human
72423061	human
225399673	human
17549677	human
41998762	human
197100783	human
59949396	human
3274916077	human
155436315	human
31312972	human
501973262	human
76856486	human
133363030	human
50037051	human
64626724	human
73763589	human
126077067	human
3745781	human
147580943	human
89745465	human
33092165	human
451869617	human
569946597	human
16818600	human
189906799	human
40415424	human
21089219	human
219652357	human
26213879	human
408360989	human
24506618	human
187996891	human
110733633	human
90608820	human
1640169925	human
238277202	human
106903512	human
305922144	human
163326035	human
127188443	human
40131745	human
76069539	human
243347426	human
793830	human
287377727	human
1436122237	human
58372595	human
42605438	human
359099321	human
819685194	human
210933449	human
1417829894	human
321970500	human
216201838	human
83855918	human
261060482	human
1086529003	human
126827931	human
104490755	human
275337714	human
92020072	human
166671460	human
98310564	human
139823781	human
26967436	human
449070158	human
27065661	human
166026159	human
44143422	human
1478986855	human
55072675	human
235165598	human
55154839	human
459602372	human
71755580	human
33313947	human
26535267	human
18948541	human
36528126	human
100563581	human
183078358	human
70207609	human
123916637	human
24595743	human
46296304	human
83613107	human
16463853	human
37457377	human
81534243	human
171682730	human
59145948	human
957560196	human
105308593	human
239938617	human
63822383	human
2343994460	human
18745729	human
368549815	human
71266682	human
204289537	human
22924311	human
46602211	human
17717614	human
113419517	human
280185870	human
2237982649	human
234874463	human
468646961	human
36617822	human
1490362573	human
113826054	human
64491008	human
119936971	human
6273552	human
17458847	human
19789299	human
26136956	human
562381032	human
264918028	human
550281859	human
42927636	human
216998174	human
205011496	human
23911410	human
51143631	human
23680913	human
259195959	human
27708099	human
112915037	human
59659495	human
120516197	human
19249062	human
63786569	human
94628304	human
450066607	human
298634564	human
307552683	human
34738598	human
1401569150	human
104969057	human
457890654	human
263093657	human
254152016	human
53128550	human
287696204	human
18159470	human
212256947	human
63717887	human
633440325	human
1195370804	human
51707796	human
95761926	human
139505211	human
122263298	human
205915163	human
37965578	human
734492654755577858	human
2299877827	human
1183041	human
7517052	human
189392231	human
2230398090	human
93069110	human
5793642	human
259683667	human
265982289	human
111468543	human
267243593	human
354433460	human
17938716	human
3140253344	human
213675253	human
18007213	human
149952019	human
848822905	human
970154557	human
221850321	human
265178794	human
24090007	human
64926647	human
502281810	human
521739932	human
355285163	human
54441257	human
1888149452	human
44620271	human
134921442	human
116059651	human
48623391	human
289527193	human
466524483	human
185260477	human
159686537	human
368381739	human
31652181	human
153442746	human
302242634	human
48459821	human
46527223	human
186441686	human
136881984	human
28379194	human
56323520	human
62216533	human
1591083258	human
304352481	human
42902252	human
972596322	human
142861396	human
17507250	human
66789442	human
495162335	human
27711685	human
268400722	human
506814264	human
586136477	human
192990536	human
183731193	human
13668082	human
264498030	human
34609754	human
499968955	human
69437419	human
368220699	human
27725199	human
533475949	human
141944292	human
333534411	human
345502810	human
139930250	human
68998860	human
21741551	human
153694176	human
277180205	human
35467756	human
253188843	human
69773058	human
14125476	human
64571585	human
79915337	human
16998020	human
97893963	human
14115587	human
15730467	human
228264692	human
500317946	human
192230850	human
40527958	human
345716245	human
43960170	human
54384394	human
164998160	human
93479608	human
50603989	human
136678090	human
146985042	human
19924969	human
24734713	human
57475935	human
46241448	human
85788068	human
1024926798	human
4908027275	human
170404126	human
24776235	human
211860291	human
60583926	human
26807240	human
35586563	human
94229474	human
216733863	human
252663106	human
198467454	human
111376077	human
714349706	human
132529561	human
14230524	human
69585631	human
267810792	human
99570517	human
39364684	human
55050269	human
75460475	human
40915216	human
33395719	human
17732153	human
121046433	human
72033671	human
609007971	human
92425859	human
29312953	human
431930266	human
330510986	human
122766650	human
3172100750	human
266638901	human
25398075	human
36491588	human
437727068	human
152080005	human
45363552	human
50246444	human
46957344	human
599484620	human
1705202990	human
213438672	human
14079425	human
107436986	human
18103148	human
88856792	human
2239961994	human
48410093	human
157974511	human
28265228	human
59186139	human
529578713	human
67683993	human
51838299	human
275400224	human
145924728	human
45572393	human
306686182	human
32939851	human
187490838	human
17461978	human
492399548	human
15446531	human
1094340200	human
140495650	human
87602190	human
25391743	human
834092694	human
271292659	human
80490861	human
91390383	human
152987149	human
127323818	human
320993716	human
48849410	human
91882544	human
123845842	human
39753512	human
125700614	human
17768307	human
138486034	human
31209213	human
77207659	human
146530897	human
603450678	human
551177934	human
21571340	human
103394487	human
157851427	human
122995784	human
409283525	human
42908132	human
28474662	human
328167568	human
177342424	human
163530567	human
1409885731	human
10999502	human
178971334	human
14562221	human
170349294	human
81554400	human
907268742	human
245186738	human
57558113	human
73443014	human
80931720	human
54641845	human
3489768920	human
36850898	human
305763080	human
240900158	human
402733408	human
9397732	human
74209786	human
466882955	human
67985498	human
181063530	human
106823281	human
157998843	human
19548850	human
244236672	human
154590712	human
388012607	human
2805358944	human
168615849	human
26528926	human
2585396407	human
398904362	human
210792232	human
1262458416	human
275220311	human
909102066	human
2290244552	human
240664869	human
111615736	human
471560358	human
23089228	human
18009781	human
6297852	human
25421094	human
158128894	human
181123681	human
73314590	human
179932936	human
67492926	human
13611222	human
300650667	human
1028211162	human
763419470	human
114354410	human
53303765	human
191985864	human
70794696	human
172501174	human
304596944	human
1679145296	human
111688862	human
1703636814	human
436702610	human
624518282	human
60835303	human
14749383	human
58531272	human
11740902	human
18460408	human
81567882	human
91408245	human
43859592	human
136148489	human
27750488	human
74154806	human
141429203	human
90048229	human
66816759	human
43132532	human
19272244	human
29749448	human
24008967	human
240051677	human
44588485	human
2277202503	human
65045121	human
146414919	human
111912589	human
292013793	human
624056226	human
59066604	human
196235064	human
144380789	human
129789846	human
180474276	human
2192209131	human
2300893838	human
184578432	human
21931363	human
84358766	human
135281645	human
64695259	human
23214173	human
17169320	human
38517007	human
412795908	human
33963081	human
498716358	human
184910040	human
36354667	human
501583715	human
133069590	human
35051213	human
127765218	human
270750405	human
23019705	human
34916666	human
17915334	human
66122244	human
40445356	human
86119466	human
72114049	human
22084427	human
48108211	human
267425142	human
126598057	human
110509537	human
409089061	human
82476920	human
1127172295	human
580097412	human
373064710	human
30336820	human
108371540	human
169440903	human
21857559	human
126297918	human
36686415	human
108936259	human
152902472	human
18796129	human
20503999	human
150752096	human
205502812	human
130211362	human
615983648	human
14542434	human
150711216	human
58091515	human
42900685	human
308350386	human
23605048	human
109531911	human
8596022	human
1373486120	human
56892019	human
163432582	human
277163970	human
19965751	human
255747911	human
40519997	human
379198067	human
142204481	human
25785336	human
154313012	human
81007322	human
32876980	human
239273097	human
609592048	human
23027237	human
755703497195225088	human
21454322	human
138581173	human
24278900	human
372891057	human
803733423160459265	human
787581625	human
312706045	human
90779436	human
140040761	human
104694833	human
154605679	human
2369974610	human
630169165	human
63663831	human
1148333593	human
59401137	human
783763632	human
153169236	human
102146672	human
46357464	human
52939106	human
20466215	human
2439990679	human
386201781	human
15014405	human
100194476	human
8236062	human
10798802	human
143317514	human
111051614	human
29739553	human
79758113	human
56521114	human
45025729	human
27797775	human
167083580	human
228436197	human
46452468	human
143490635	human
275186860	human
29123186	human
465723566	human
19346439	human
2693574506	human
55022800	human
41565156	human
114035804	human
52339151	human
20551303	human
580953255	human
485511296	human
18785654	human
570502881	human
20518710	human
16671869	human
112801997	human
376302246	human
263292498	human
34048549	human
533394907	human
184248243	human
99092563	human
29675916	human
317324268	human
318625615	human
49037032	human
178135885	human
140119681	human
16827333	human
540125438	human
65473357	human
188421312	human
1334928384	human
72047325	human
13838562	human
1084305312	human
137227101	human
27751211	human
37456588	human
65455370	human
1058847528	human
13504062	human
40583484	human
405933724	human
71273952	human
113859740	human
1150386181	human
39241232	human
15146558	human
516860000	human
311126322	human
18022904	human
130997057	human
17020962	human
143882311	human
615402683	human
162385414	human
240128281	human
350926560	human
55753842	human
213969309	human
39706174	human
65186457	human
254176678	human
393619520	human
709540733456224257	human
69413371	human
40545889	human
108369004	human
773771359	human
13919072	human
157903916	human
126672013	human
92007699	human
27115071	human
36391714	human
714591458	human
1683748945	human
23997019	human
34128248	human
23967578	human
68465048	human
43214455	human
34207681	human
19555067	human
191227793	human
45224548	human
30686649	human
249364151	human
591290327	human
2743113943	human
465732367	human
41396492	human
153170209	human
36376988	human
1692240811	human
22792475	human
162612967	human
422868223	human
2709916969	human
219596665	human
227156383	human
1281807008	human
2177710981	human
377117086	human
185449401	human
85633543	human
56387501	human
59053096	human
213943323	human
30583657	human
18511475	human
146710910	human
253083162	human
29122382	human
433804134	human
6042412	human
231112057	human
21056862	human
3948041	human
295283920	human
395623327	human
1978851349	human
246225682	human
161955453	human
154101314	human
950341134	human
75661935	human
42459293	human
285723504	human
145220821	human
20413022	human
283916211	human
366249746	human
24580902	human
52611674	human
20940081	human
161554780	human
295004759	human
21323673	human
141161453	human
187190158	human
102957248	human
184964515	human
29206353	human
25252526	human
59932653	human
84195118	human
77117012	human
14247715	human
14849562	human
247065226	human
8056992	human
38127255	human
154347933	human
101695592	human
33792634	human
593966683	human
301921037	human
90021519	human
44355075	human
14085070	human
28628850	human
28611918	human
63154154	human
219587858	human
18653699	human
1725137533	human
23002923	human
16542877	human
305133386	human
92670884	human
23378774	human
76289403	human
42170630	human
90884634	human
88621782	human
1238774719	human
160009745	human
407126009	human
28380724	human
39288259	human
49585215	human
52914117	human
431071870	human
69373980	human
64547086	human
192444266	human
27604395	human
233032751	human
205575837	human
479863188	human
57375782	human
124003770	human
627491854	human
517849490	human
44039298	human
373416209	human
79327591	human
331813832	human
14163722	human
33995409	human
145427893	human
982162994	human
23932842	human
26587452	human
383791868	human
109705251	human
47848627	human
2528470909	human
119837523	human
43103134	human
19017237	human
552174888	human
42384760	human
271531588	human
22324642	human
282510651	human
464695627	human
16716641	human
77338274	human
161084107	human
99610531	human
14378113	human
128614917	human
128956175	human
16893886	human
367971451	human
51701366	human
242637589	human
320638233	human
62258636	human
837588744	human
461922813	human
1881098774	human
43769311	human
39730630	human
426750928	human
613508372	human
760494572	human
31404917	human
237882441	human
44327003	human
89277010	human
135602695	human
14523801	human
52467382	human
46749727	human
1071741704	human
32684900	human
60733171	human
25458378	human
365071261	human
26130127	human
403580183	human
127680760	human
355745433	human
1271601787	human
87174678	human
19596687	human
423590107	human
107512859	human
13361922	human
84554399	human
33857883	human
1069787970	human
16234029	human
2688475214	human
111690277	human
234773932	human
22940219	human
108345784	human
279966754	human
18708466	human
24493831	human
47519990	human
137616033	human
69751644	human
30271564	human
54730258	human
17889970	human
28673549	human
129739018	human
27911944	human
30918475	human
287906708	human
553075553	human
266575711	human
54387680	human
271944538	human
356098265	human
210903844	human
207976895	human
35797705	human
199009284	human
271690376	human
150846769	human
468258923	human
120516699	human
138796675	human
25100180	human
35701096	human
52163838	human
118739566	human
570866086	human
61047667	human
39793392	human
38741679	human
20833944	human
69293780	human
44551682	human
304679484	human
117778985	human
36182872	human
147864064	human
461419006	human
56336341	human
78272583	human
1670174994	human
16231382	human
56219974	human
494422305	human
190365654	human
89006817	human
36490075	human
196463183	human
313091751	human
2314959096	human
43075945	human
762713676	human
195962503	human
197034645	human
67321170	human
85597259	human
31672328	human
17733320	human
1497241225	human
24032232	human
23375688	human
37710752	human
21982720	human
636856067	human
8559342	human
256883252	human
1021419306	human
20248699	human
237429727	human
256672816	human
405384428	human
177019825	human
2375976733	human
362723744	human
171829005	human
38332255	human
20201726	human
1883086436	human
279319647	human
16395449	human
135249573	human
582039841	human
308258393	human
473457479	human
3390731	human
141817380	human
307549658	human
84638703	human
32344423	human
2442866396	human
18072740	human
119259877	human
94900238	human
197370475	human
1073336054	human
70582840	human
59157393	human
52087269	human
87055865	human
38386328	human
114744371	human
269940376	human
80090273	human
22812734	human
47285504	human
74705029	human
19798578	human
14817982	human
126515988	human
272168843	human
22055109	human
121044171	human
37774152	human
109272778	human
241496045	human
41814169	human
1133920393	human
201580829	human
135030564	human
233335916	human
35927341	human
96322637	human
468229219	human
308349554	human
13704482	human
145239732	human
309133460	human
55307193	human
39325978	human
150479805	human
216264820	human
121316090	human
102401151	human
123899370	human
133288542	human
37414093	human
2720868859	human
412135727	human
812333808	human
110198818	human
329789735	human
19268706	human
19279990	human
43289545	human
1604107964	human
613321095	human
360099220	human
1283748854	human
18915240	human
21921560	human
250384072	human
72603359	human
20985527	human
350334760	human
18282032	human
168103958	human
111933542	human
23648057	human
139848744	human
371274920	human
468921945	human
57912874	human
317360823	human
382560919	human
108406498	human
41263189	human
208052159	human
392046670	human
138612130	human
326096656	human
269225854	human
48459553	human
238122371	human
92591481	human
112848373	human
127683262	human
57097104	human
166366871	human
52012019	human
198226950	human
213774434	human
548828374	human
255159633	human
2533070650	human
121849647	human
1637307667	human
99448420	human
51219631	human
197372015	human
70299078	human
207113156	human
200800323	human
85961526	human
15888659	human
78126385	human
5876652	human
178724813	human
1546878818	human
193205108	human
326953842	human
2493199232	human
283558110	human
62108074	human
298701799	human
21879024	human
23795109	human
114310653	human
17229791	human
115436050	human
47263956	human
21046818	human
96707669	human
310250796	human
21255118	human
938887459	human
280629993	human
134657984	human
15779877	human
34847275	human
73971750	human
155301717	human
37993692	human
317114365	human
71091859	human
47237489	human
155568211	human
24523660	human
1051313198	human
355307031	human
164213765	human
21312019	human
234824937	human
84860555	human
18862596	human
12078472	human
1498628336	human
140134100	human
151138798	human
37836253	human
41793790	human
809500704	human
338084918	human
67918705	human
340613443	human
173677727	human
42213904	human
153264772	human
1514171023	human
144884794	human
36141681	human
856736198	human
326974183	human
326014206	human
500194345	human
248807431	human
339873203	human
43032508	human
341363220	human
67065942	human
30486147	human
479727198	human
197185159	human
2260150651	human
28536689	human
1476502188	human
940080582	human
96185337	human
30602016	human
28995080	human
114761346	human
26525324	human
64635680	human
99535301	human
38652395	human
214979156	human
53853197	human
349719397	human
17423332	human
96628001	human
62900439	human
472253290	human
36314303	human
43820226	human
40139016	human
205302299	human
411518392	human
81234527	human
291714711	human
18325392	human
26003792	human
335534204	human
24966423	human
144634178	human
38292798	human
17350250	human
87118217	human
19211694	human
935844481	human
115341081	human
26589987	human
119758810	human
262881419	human
134899017	human
631289812	human
268434223	human
80096621	human
598347855	human
88084392	human
24963961	human
338299807	human
108999927	human
345488279	human
1126887589	human
55616342	human
31442497	human
407216950	human
97139275	human
133430928	human
147786250	human
26053643	human
831278798	human
30194318	human
43769148	human
240601558	human
116459291	human
72790406	human
164408422	human
23561980	human
17393805	human
105761223	human
2560101619	human
40991723	human
74712538	human
163878364	human
56913467	human
793097244	human
23459092	human
27260086	human
234053160	human
43857614	human
19081309	human
193582123	human
334297027	human
11398562	human
185658756	human
25940364	human
46291977	human
119076814	human
114510872	human
50640050	human
26565946	human
565145864	human
45126062	human
1024582968	human
276034478	human
29441764	human
300548967	human
293138316	human
480511557	human
299464714	human
525474328	human
172791159	human
84219696	human
20032153	human
64770337	human
56800690	human
174511656	human
28175824	human
1195051111	human
330446733	human
155642429	human
17427898	human
395787463	human
54621273	human
438212411	human
128813009	human
81556396	human
225308736	human
252343991	human
18396070	human
58834557	human
507672047	human
587750405	human
90334660	human
62290422	human
76351820	human
347257032	human
24585498	human
42719109	human
154101116	human
243851501	human
58214898	human
155264719	human
33041426	human
262794965	human
17146229	human
37311476	human
163552910	human
323469361	human
83207164	human
789856765	human
24597041	human
46257156	human
2955596087	human
103167687	human
292359364	human
84109416	human
2260345147	human
339620073	human
387002231	human
430818412	human
21219827	human
37093819	human
2904499365	human
71665333	human
25209206	human
93819292	human
44958041	human
34192959	human
710064516	human
427885919	human
128023009	human
2163267319	human
23199959	human
48544389	human
83529586	human
246834751	human
8510412	human
64638057	human
33248874	human
467169923	human
224721943	human
17654388	human
955885435	human
87000958	human
2715115656	human
16689353	human
21447363	human
48672487	human
34178172	human
22595511	human
46081647	human
3069293665	human
32342975	human
138388408	human
24342206	human
193494089	human
66209470	human
353094212	human
24632314	human
201356711	human
505915529	human
701699418	human
110557285	human
20348773	human
46440103	human
125359252	human
3242495944	human
175850143	human
250253943	human
547558018	human
145684236	human
190371395	human
137524817	human
17685964	human
1338233479	human
22823970	human
6539592	human
772471	human
821359926	human
60970661	human
174492304	human
339995041	human
28601729	human
87266285	human
237870401	human
2572844671	human
509722453	human
277030839	human
18393773	human
23544268	human
209003577	human
120990817	human
17843816	human
134936026	human
54930650	human
23294489	human
348939569	human
40908929	human
26642006	human
108409736	human
128688878	human
2519513510	human
248010159	human
26534759	human
166311912	human
183253150	human
486955518	human
21475090	human
115044590	human
38815052	human
25497636	human
25233746	human
57982473	human
25382962	human
76589464	human
19095849	human
49114382	human
370842296	human
152967678	human
410511310	human
761503952	human
1185811994	human
48295596	human
49658852	human
46345843	human
242747238	human
22736017	human
488731085	human
177403095	human
49964411	human
42302742	human
137418466	human
159937500	human
60178147	human
23031648	human
54135604	human
23664028	human
44215023	human
20525175	human
29246171	human
775887091	human
117241461	human
504329588	human
44755860	human
573565184	human
575188047	human
20432727	human
111332557	human
25460615	human
119776110	human
110172301	human
26703100	human
63600804	human
538285556	human
184031532	human
952190713	human
507489702	human
134513525	human
14478263	human
209576618	human
1335767492	human
35242190	human
114949958	human
40550351	human
20012343	human
170518138	human
37849693	human
213539531	human
47680993	human
57084769	human
31442061	human
315591173	human
178377718	human
14180365	human
214942749	human
101532373	human
955605308	human
21469205	human
62894963	human
188181443	human
33742728	human
48360631	human
27528339	human
19735580	human
204002663	human
380123266	human
134879387	human
94356139	human
145002782	human
49947714	human
19996087	human
75255198	human
215825897	human
385408255	human
94816809	human
31641658	human
149726145	human
376218450	human
317152673	human
764182927	human
71114686	human
444389361	human
154591990	human
116519220	human
24775528	human
37539058	human
47739030	human
36483808	human
262454289	human
23924581	human
379408088	human
46973152	human
88024072	human
19052433	human
382931575	human
14464766	human
2646056082	human
413936774	human
101221079	human
56405314	human
78120081	human
194901218	human
246910613	human
28471026	human
47417038	human
234270825	human
2350008175	human
18605897	human
62786191	human
138002210	human
130948068	human
151046032	human
210786658	human
376736450	human
226220799	human
250791516	human
468668318	human
334274672	human
86656481	human
92708272	human
17420951	human
140019470	human
79398281	human
849372606	human
52361363	human
39615521	human
246967511	human
78523300	human
2557037323	human
335828175	human
3151944042	human
7540212	human
413129652	human
10810102	human
50184597	human
300351053	human
84041774	human
631581678	human
28196433	human
146099195	human
162147540	human
39689218	human
87391975	human
141941002	human
92393934	human
52951866	human
117177584	human
138843574	human
57494392	human
24275419	human
24856567	human
162248086	human
14855279	human
385625684	human
35693211	human
172819382	human
87958853	human
24599923	human
218938576	human
194164586	human
58538830	human
57998991	human
33612911	human
1568192084	human
196679942	human
303896812	human
119959860	human
177345928	human
311502203	human
178301836	human
1520876749	human
20299862	human
14166235	human
21148185	human
374518874	human
235788943	human
48579013	human
251060309	human
31685653	human
132539757	human
151951887	human
31442900	human
22086481	human
21955058	human
18278629	human
137944740	human
75355695	human
28180183	human
161684211	human
257699456	human
57883736	human
117216619	human
101640191	human
132255819	human
70903729	human
2347286167	human
160963548	human
77648692	human
79890469	human
71297990	human
726784435	human
87960937	human
32917485	human
6427882	human
25215221	human
2238245498	human
196664456	human
140609205	human
1009232995	human
180893928	human
183387449	human
40884854	human
84926702	human
28301551	human
124335068	human
82648754	human
5380152	human
1388544253	human
310010392	human
23298808	human
2722262940	human
470983460	human
51998227	human
258758307	human
52496551	human
213320007	human
15439395	human
76425653	human
18681139	human
807599210	human
93224675	human
23184570	human
25737253	human
1934413398	human
97968480	human
539543043	human
19165963	human
297882633	human
123606428	human
28894638	human
82664640	human
8632992	human
63846906	human
28208983	human
127431090	human
24423418	human
23006794	human
166739404	human
166549341	human
57666319	human
42562446	human
828742454	human
401542034	human
18132032	human
53090023	human
3190492830	human
36599778	human
46476526	human
923189442	human
183876299	human
51346362	human
38990369	human
96553757	human
564783425	human
42999181	human
518557386	human
50595242	human
16642886	human
66528154	human
109241992	human
67165681	human
14085315	human
520994941	human
57504927	human
771025694	human
507662284	human
154262445	human
72854177	human
1469065189	human
51404605	human
33976240	human
135782269	human
105442995	human
224221596	human
172542995	human
152720747	human
2860160796	human
174368061	human
569219722	human
119234601	human
74231747	human
21308332	human
23177997	human
112874420	human
241543509	human
37367041	human
156818636	human
136008568	human
44341095	human
261955501	human
116768508	human
2253644213	human
74838816	human
1058713482	human
429227921	human
66740100	human
370167039	human
17825445	human
367263377	human
14791044	human
156411211	human
47794894	human
1296642259	human
127057567	human
142839300	human
400636503	human
43152482	human
38540936	human
614156493	human
91091384	human
112897001	human
319561543	human
142803775	human
451881739	human
31239408	human
574168493	human
196546877	human
52420819	human
279452961	human
1129195676	human
23653153	human
14973634	human
194617936	human
449349346	human
70663487	human
22813970	human
258240800	human
22096068	human
236636515	human
464692152	human
89014429	human
27201512	human
483152730	human
257278894	human
101857713	human
1302871633	human
467634392	human
67982898	human
32309662	human
464781334	human
172887151	human
148583252	human
365946087	human
21761627	human
232275110	human
16727535	human
221573745	human
66857043	human
950165300	human
14506253	human
480266014	human
256409561	human
61391304	human
17505585	human
24980099	human
23329776	human
50826280	human
92717138	human
53569692	human
378632690	human
144284168	human
74951861	human
932429090	human
434154200	human
261620277	human
102594253	human
29403856	human
114826297	human
12044602	human
170428440	human
90197445	human
284115156	human
19029137	human
142845304	human
182646320	human
19571299	human
408411893	human
105001940	human
109891226	human
128878194	human
148781366	human
38271276	human
133215350	human
138071160	human
19962363	human
18780372	human
16952174	human
403357870	human
43654274	human
198560066	human
16125042	human
75014036	human
294809172	human
25629019	human
24740625	human
143532941	human
33773592	human
18628741	human
297144638	human
177142707	human
3222534361	human
19867571	human
33440371	human
150425432	human
418380713	human
70926844	human
499449593	human
55677981	human
192749697	human
50539213	human
48267835	human
67324742	human
1715051	human
1652526218	human
66306024	human
128972501	human
27319857	human
88763317	human
92724677	human
158829779	human
243442402	human
139385992	human
18628002	human
155673750	human
2952010610	human
874916178	human
11545652	human
593810556	human
351895595	human
61479700	human
1583815368	human
40806063	human
331283041	human
133803458	human
32985158	human
221866385	human
327601023	human
177587759	human
142198416	human
151112363	human
239425781	human
155354415	human
3582591015	human
91134100	human
382609833	human
130274840	human
63796949	human
268414482	human
66083959	human
23027905	human
123292240	human
105211981	human
45494617	human
14616899	human
290078349	human
21744528	human
170424259	human
151060182	human
230140702	human
897852133	human
78502161	human
833140399	human
728592182	human
2893511188	human
35877056	human
121389491	human
55609295	human
630907884	human
2749604691	human
313867902	human
335609523	human
132752344	human
14237001	human
22875636	human
318531174	human
243794165	human
1328044303	human
44527648	human
301388143	human
1183887576	human
531707563	human
32858257	human
144622747	human
314728362	human
507633911	human
28135839	human
20177956	human
1924967034	human
36685825	human
244872948	human
286064020	human
15965957	human
2370429937	human
146989389	human
42960779	human
1093494810	human
192514354	human
187890010	human
28822067	human
85394476	human
1471068170	human
1243360801	human
24027953	human
585615718	human
84094372	human
516771605	human
44465139	human
153573284	human
322606204	human
34974131	human
30364057	human
23081234	human
92685993	human
194439261	human
259899376	human
140960194	human
53857561	human
40352612	human
144755081	human
612331433	human
16406929	human
51237611	human
15666380	human
429812470	human
14444926	human
196795202	human
17980124	human
310340959	human
22790881	human
29756339	human
501617441	human
40981798	human
137143949	human
155769461	human
35269664	human
43658360	human
1185325620	human
32073913	human
107349488	human
138134695	human
15412559	human
145125358	human
275564493	human
189734996	human
224614505	human
85465037	human
104299103	human
1168931125	human
25382170	human
57315004	human
172664717	human
127660121	human
924629873930448896	human
75641903	human
145499533	human
36845115	human
49624549	human
66000819	human
17243913	human
19608629	human
87725574	human
25775561	human
296740085	human
14982315	human
44229128	human
52928158	human
484351617	human
128961271	human
50243043	human
110681593	human
528508130	human
35940348	human
2203045884	human
97533128	human
464454076	human
214153705	human
133873077	human
23501022	human
18676369	human
73992972	human
17259640	human
288954669	human
456862468	human
60865434	human
19394186	human
20585360	human
78226378	human
198861212	human
22959589	human
45801371	human
116043213	human
330432644	human
80620346	human
482457738	human
335619451	human
157045371	human
35094637	human
96448406	human
4721388342	human
138600717	human
308131695	human
147869906	human
389974129	human
20015311	human
391037985	human
858051	human
222054912	human
117748143	human
171421559	human
81530160	human
42363967	human
164070785	human
40864318	human
1269425228	human
254153486	human
32135704	human
62932145	human
1704998570	human
59031230	human
73731440	human
208711264	human
436795156	human
51690631	human
205636824	human
47186755	human
11447852	human
105451020	human
1610204803	human
2535079531	human
23742864	human
58392286	human
764154637393932289	human
3241009755	human
135064055	human
348474838	human
133093395	human
20858775	human
575565118	human
136007061	human
24195124	human
919947757	human
507026258	human
323120520	human
155110443	human
216656351	human
3004231	human
182033179	human
2536415779	human
443223357	human
2803270758	human
538467434	human
113603164	human
155196890	human
228497955	human
294082289	human
42513459	human
369234942	human
14436317	human
419918470	human
16579345	human
95957272	human
2717254872	human
119687255	human
2758335654	human
14262772	human
21767545	human
236798693	human
349300271	human
152644313	human
2514431844	human
31296837	human
25970331	human
20755072	human
272498598	human
91436809	human
602202968	human
86230406	human
366520644	human
28313220	human
177788686	human
139242827	human
156918895	human
32712325	human
29374554	human
39213681	human
19519252	human
50309214	human
532112713	human
199999865	human
33589312	human
440172131	human
35471392	human
38259087	human
28138900	human
119509520	human
169740780	human
102058532	human
130834357	human
155949906	human
132277049	human
129616278	human
84405668	human
21847363	human
94181707	human
174351951	human
214413743	human
161745170	human
17853760	human
59900378	human
57964796	human
46306646	human
239558623	human
21408892	human
39634561	human
35348026	human
30913899	human
53153263	human
1436334186	human
230646764	human
119681723	human
21910850	human
603539358	human
353624409	human
94533274	human
125765095	human
2181602018	human
92561430	human
257810167	human
95647632	human
955229336	human
31080039	human
130557513	human
168735527	human
95749490	human
364675867	human
72878707	human
32329366	human
66920309	human
32765534	human
266336410	human
17029979	human
164375201	human
46252298	human
142157505	human
56747801	human
38804737	human
3065261233	human
210004360	human
98809456	human
40626514	human
37701975	human
743856512	human
150723197	human
281815044	human
113146982	human
21522338	human
32156827	human
2220638376	human
325388699	human
549884376	human
109448475	human
228602992	human
41431407	human
59199168	human
214690684	human
186941132	human
1593294272	human
2752889306	human
59808841	human
24741517	human
53297035	human
209456754	human
125432895	human
114446939	human
420077970	human
411859932	human
383044849	human
900515203	human
406872715	human
175298380	human
386244525	human
21758143	human
119541294	human
122269043	human
13650012	human
69047795	human
81828490	human
198830228	human
85452649	human
421031135	human
285332860	human
18872373	human
34042362	human
242567007	human
193477235	human
1608292436	human
2911000602	human
19829645	human
50184013	human
366947884	human
37591459	human
2511477648	human
420503585	human
23280648	human
238319766	human
30904559	human
149372176	human
23631859	human
43440033	human
33342154	human
344538810	human
517841102	human
22965624	human
101311381	human
104936881	human
957027824	human
488696550	human
235140283	human
863720408	human
39699269	human
20620967	human
63263205	human
143843372	human
23903481	human
284602545	human
19675870	human
68193470	human
1139847499	human
89380077	human
472454473	human
57905993	human
17053	human
37570179	human
379989215	human
31451582	human
1563788413	human
32445360	human
1048764320	human
574511063	human
96948912	human
188194727	human
618431042	human
4608961	human
227785724	human
23309221	human
230845588	human
47753979	human
38831675	human
18138971	human
1375451460	human
27915028	human
71339449	human
37868953	human
88910796	human
118990067	human
17337093	human
69140145	human
400117763	human
18979962	human
132346487	human
54455390	human
14920785	human
61458407	human
151129779	human
30037998	human
408105416	human
524181600	human
148248527	human
4171231	human
67197351	human
140741639	human
29844055	human
42936819	human
23497233	human
461596663	human
1966554482	human
16814960	human
35893485	human
2422081459	human
134745940	human
56481539	human
45843783	human
2480956364	human
329492939	human
23798694	human
103009843	human
28420827	human
45580261	human
54984298	human
543533194	human
16381279	human
19876840	human
231230506	human
501825960	human
174213736	human
207194633	human
309340221	human
460735395	human
57985880	human
18088810	human
153463795	human
69349832	human
20913964	human
625342125	human
18485106	human
787239919	human
27051759	human
459514317	human
487999637	human
198783557	human
373763576	human
44394176	human
274805972	human
75471786	human
279496570	human
739784130	human
1262229906	human
220055314	human
21705616	human
55033131	human
24889586	human
80094297	human
18686907	human
52551600	human
47288005	human
29283877	human
24223641	human
21255978	human
398092540	human
16220555	human
52668867	human
218361290	human
45900567	human
141867164	human
25017210	human
1024632600	human
319537857	human
94476282	human
509656977	human
153011582	human
471287735	human
3145919378	human
67602060	human
91227068	human
211476538	human
164345318	human
144944472	human
499975070	human
14619266	human
83983275	human
22128494	human
288254260	human
1575800623	human
180394936	human
462004145	human
90420314	human
299373263	human
586950556	human
27744185	human
42179718	human
24417811	human
470307418	human
197001564	human
155659213	human
101554948	human
2584588824	human
46636018	human
253068168	human
82790893	human
66803670	human
4827016745	human
32669445	human
55033682	human
59624844	human
323257462	human
318385857	human
3221169342	human
319807570	human
277546050	human
121341102	human
59391252	human
47363197	human
80655102	human
812613596	human
630112482	human
26604904	human
19768990	human
55699429	human
85335636	human
524152200	human
572170431	human
600433719	human
194394147	human
30040682	human
54979892	human
418281011	human
98771808	human
92332298	human
26895879	human
239124932	human
114785416	human
75343843	human
117251043	human
174540176	human
299926319	human
2612190173	human
17065389	human
70883897	human
756271337585319936	human
229032324	human
313138051	human
265014120	human
143752894	human
472623389	human
17441447	human
296994629	human
125603760	human
292196397	human
165552004	human
33873560	human
366666686	human
70577270	human
366225283	human
628253891	human
170171722	human
389113010	human
1011550920	human
605304039	human
351952209	human
28442098	human
632545783	human
100581725	human
449539004	human
125080888	human
37982492	human
50981729	human
20221159	human
309824558	human
926875862	human
193095044	human
1091659350	human
142001958	human
188011516	human
22822407	human
105147032	human
319766740	human
38708573	human
43522180	human
29282980	human
383236888	human
27042513	human
72131142	human
86537173	human
31353077	human
483396662	human
40768837	human
140441829	human
128154362	human
886426412	human
52135300	human
174443391	human
619293948	human
67737989	human
34572451	human
233433627	human
142730813	human
131979992	human
22885574	human
218167872	human
77010454	human
334921284	human
49982456	human
70054190	human
47278900	human
214000101	human
146623204	human
46708772	human
38001497	human
16050554	human
152551783	human
134925612	human
201892982	human
253415014	human
29546945	human
47630741	human
25704704	human
73934423	human
22872643	human
348559702	human
80960566	human
19058681	human
21111883	human
31927467	human
108108824	human
65432405	human
333235713	human
130179790	human
285022748	human
113278275	human
168374159	human
18171035	human
236980532	human
2843197753	human
46130880	human
194389806	human
2330330082	human
110485995	human
19615995	human
40704916	human
243287822	human
53333911	human
204731800	human
20120877	human
42343110	human
234786786	human
148801400	human
237295522	human
73951177	human
988368084	human
39163475	human
216533096	human
2847250015	human
46220061	human
25629334	human
82097756	human
333586263	human
47739450	human
58528137	human
28076276	human
906644018	human
112785947	human
155698993	human
19330043	human
33423	human
326411398	human
14348594	human
296742497	human
61355746	human
33597201	human
115093611	human
116310869	human
405952153	human
2879644216	human
83396471	human
22656096	human
56223278	human
213197132	human
1366848734	human
71626835	human
184477052	human
45055696	human
354225735	human
30412016	human
174972753	human
26395676	human
23544596	human
109687000	human
41135782	human
52840838	human
69353163	human
145514541	human
19637934	human
188282409	human
52568346	human
47355553	human
83998973	human
27649134	human
181561712	human
85857432	human
97568136	human
80896487	human
298966311	human
16809875	human
78035324	human
76762055	human
25073959	human
57455938	human
64822927	human
3227955138	human
311311456	human
121400761	human
99642673	human
182168448	human
242346557	human
252566600	human
165167691	human
330705266	human
38070839	human
95956928	human
313087874	human
376378883	human
29072192	human
66075817	human
436563519	human
86129724	human
47786101	human
66334209	human
154645237	human
38185503	human
104974333	human
36362259	human
24712054	human
3088432587	human
478120020	human
29330030	human
